x1,y1,x2,y2,col1,col2,r
1427.898230899749,600.0,-1.0524969352004421,0.0,Global_active_power,Global_intensity,[ 0.99777844]
