x1,y1,x2,y2,col1,col2,r
-5420.752045366432,600.0,2452.420570185292,0.0,Resist. (Ohm.cm),Seebeck (uV/K),-0.73
